name,phone,location,type
Ferretería Higuerillas,"
(32) 279 1815",Puchuncaví,Ferretería
Ferretería Zamora,"
9 2829 1634",Puchuncaví,Ferretería
Maderas Diaz hugo diaz,"
(32) 279 4606",Puchuncaví,Ferretería
Ferreteria Higuerillas,"
(32) 275 2900",Puchuncaví,Ferretería
Ferreteria Horcon,"
9 9432 3245",Puchuncaví,Ferretería
Ferretería Marcela Barrera,"
9 8480 9286",Puchuncaví,Ferretería
Electricidad Automotriz Electro Boost,"
9 7675 9715",Puchuncaví,Automotora
Top Car Automotora Maitencillo,"
9 3434 7037",Puchuncaví,Automotora
Car Sport Puchuncavi,"
9 9432 1248",Puchuncaví,Automotora
Auto Service BC,"
9 7758 8901",Puchuncaví,Automotora
Autoquinta Puchuncavi,"
9 8401 5090",Puchuncaví,Automotora
Repuestos El Rungue,"
9 9240 0820",Puchuncaví,Automotora
Fast-car,"
9 8267 9955",Puchuncaví,Automotora
"Bosque Maitencillo, Sitios","
9 4976 0161",Puchuncaví,Constructora
Pinares de Higuerillas,"
9 3384 8004",Puchuncaví,Constructora
El Bucanero,"
9 8774 2005",Puchuncaví,Constructora
HOMETAL SPA ESTRUCTURAS METALICAS,"
9 6131 5562",Puchuncaví,Constructora
RIALHOME,"
9 2603 4125",Puchuncaví,Constructora
LOS BOLDOS CONSTRUCTORA,"
9 5234 9855",Puchuncaví,Constructora
INTEGRAHAB,"
9 7455 5510",Puchuncaví,Constructora
SmartSip,"
9 6511 4308",Puchuncaví,Constructora
Constructora Tres Efe Limitada,"
(32) 268 0003",Puchuncaví,Constructora
Pehuén,"
9 9746 6546",Puchuncaví,Constructora
Constructora valko s.a,"
9 9746 6546",Puchuncaví,Constructora
Melón Hormigones Puchuncavi,"
9 9746 6546",Puchuncaví,Constructora
Constructora C Y C,"
9 9746 6546",Puchuncaví,Constructora
"Taller de Hojalateria ""Los Herrera""","
9 6393 9060",Puchuncaví,Constructora
Constructora Núñez,"
9 4258 6890",Puchuncaví,Constructora
LJP Construcciones,"
9 9373 5101",Puchuncaví,Constructora
Costa Quilén,"
9 4226 7414",Puchuncaví,Constructora
Pinares de Higuerillas,"
9 4976 0161",Puchuncaví,Constructora
maite.stone,"
9 4976 0161",Puchuncaví,Constructora
S y S,"
9 4976 0161",Puchuncaví,Constructora
COSTAMODULOS,"
9 4976 0161",Puchuncaví,Constructora
Planta Aconcagua Aguas Pacífico,"
9 4976 0161",Puchuncaví,Constructora
Condominio la hijuela Maitencillo,"
9 4976 0161",Puchuncaví,Constructora
Ferretería Zamora,"
9 2829 1634",Quintero,Ferretería
Ferreteria Higuerillas,"
(32) 293 4185",Quintero,Ferretería
Distribuidora De Maderas Montserrat Limitada,"
(32) 293 0007",Quintero,Ferretería
Ferretería Hermanos Bastias,"
9 9331 9823",Quintero,Ferretería
Ferreteria victoria,"
(32) 293 2394",Quintero,Ferretería
EQ - División Ferretería,"
(32) 376 9121",Quintero,Ferretería
Automotriz Queirolo,"
9 4226 6848",Quintero,Automotora
Electricidad Automotriz - DelSatCar,"
9 5601 2148",Quintero,Automotora
Mecánica general auto stars,"
9 8164 1877",Quintero,Automotora
Fittipaldi,"
(32) 293 0375",Quintero,Automotora
Electricidad - Electrónica automotriz,"
9 8196 4378",Quintero,Automotora
Rodapernos Quintero Exrepuestos Sánchez,"
9 8196 4378",Quintero,Automotora
Gachea Motors,"
(32) 293 5565",Quintero,Automotora
GAM construcciones,"
9 7804 9158",Quintero,Constructora
STS Ingeniería Submarina,"
(32) 293 0123",Quintero,Constructora
cls instalaciones,"
9 2995 8632",Quintero,Constructora
Hojalateria clinica del hogar sucursal quintero,"
9 9741 4849",Quintero,Constructora
Mecsa Ingenieria,"
9 7446 0402",Quintero,Constructora
Costa Quintero,"
9 7446 0402",Quintero,Constructora
Casa en venta en Quintero,"
9 7446 0402",Quintero,Constructora
Maestranza Díaz y Díaz,"
9 7446 0402",Quintero,Constructora
DSP Ltda.,"
9 7446 0402",Quintero,Constructora
Ecomodulares,"
9 7370 7955",Quintero,Constructora
Ferreteria Higuerillas,"
9 7370 7955",Quintero,Constructora
BIOAROMA INGENIERIA Y SERVICIOS,"
9 7370 7955",Quintero,Constructora
Díaz & Díaz Ltda.,"
9 9532 5800",Quintero,Constructora
Costa Quilén,"
9 4226 7414",Quintero,Constructora
Ferreteria San Pedro,"
9 3563 0950",Quillota,Ferretería
Chilemat Quillota,"
9 6834 4955",Quillota,Ferretería
Ferreteria Alberdi,"
(33) 235 1522",Quillota,Ferretería
Ferretería Portales,"
(33) 231 1175",Quillota,Ferretería
FERRETERIA SAN PEDRO 2,"
9 4907 3615",Quillota,Ferretería
Bodemat,"
9 4907 3615",Quillota,Ferretería
Ferretería 1028,"
(33) 231 9384",Quillota,Ferretería
Ferretería Aconcagua,"
9 5856 8159",Quillota,Ferretería
Oscar Slako y Compañía,"
9 5856 8159",Quillota,Ferretería
Ferreteria Placacentro Toso Quillota,"
(2) 2208 6129",Quillota,Ferretería
Ferreteria Arauco,"
(2) 2208 6129",Quillota,Ferretería
Easy Quillota,"
600 600 3279",Quillota,Ferretería
Ferretería El Constructor,"
600 600 3279",Quillota,Ferretería
Lisandro Alfonso Carreño Durán,"
(33) 231 0810",Quillota,Ferretería
Ferreteria El Sol,"
(33) 231 3756",Quillota,Ferretería
Maderas Cv,"
(33) 226 7310",Quillota,Ferretería
Ferreteria Lorca,"
(33) 226 7310",Quillota,Ferretería
Ferretería pichon,"
(33) 226 7310",Quillota,Ferretería
Siptopanel,"
(33) 226 7310",Quillota,Ferretería
Ferreteria Gama Center,"
(33) 226 7310",Quillota,Ferretería
Rosselot,"
(33) 231 5070",Quillota,Automotora
Galem automotriz,"
9 4485 1826",Quillota,Automotora
Constructora Mth Quillota,"
9 7580 8603",Quillota,Constructora
Constructora SIPAC,"
9 9703 2783",Quillota,Constructora
Lumilet Construcción & Electricidad,"
9 2180 6880",Quillota,Constructora
DOMUS EATON Arquitectura y Construcción,"
9 6688 3590",Quillota,Constructora
Soc Constructora Valencia y Aranda,"
(33) 231 6210",Quillota,Constructora
CBS Ingeniería y Proyectos SpA,"
(33) 238 2500",Quillota,Constructora
Constructora Pacifico Empresa Individual de Responsabilidad,"
(33) 238 2500",Quillota,Constructora
Fabián arancibia,"
(33) 238 2500",Quillota,Constructora
Constructora de Obras Civiles y Viales,"
(33) 226 5261",Quillota,Constructora
ARQUITECH SPA,"
9 5189 7680",Quillota,Constructora
Entidad Patrocinante Quinta Cordillera Ltda,"
9 4529 1138",Quillota,Constructora
Constructora COLVER,"
(33) 226 7329",Quillota,Constructora
P&B Ingenieria y Construccion Spa,"
9 9077 2248",Quillota,Constructora
Constructora ARA Ltda,"
9 9323 3414",Quillota,Constructora
Constructora de Obras Civiles y Viales,"
(33) 226 5261",Quillota,Constructora
G & O Ingenieria,"
(33) 231 9068",Quillota,Constructora
Instituto 843,"
(33) 231 9068",Quillota,Constructora
Ferretería Su Casa,"
(32) 281 1572",Concón,Ferretería
Ferretería Higuerillas,"
(32) 290 3898",Concón,Ferretería
"Ferretería Higuerillas, Magallanes","
(32) 281 5500",Concón,Ferretería
Ferretería Fénix,"
(72) 277 3651",Concón,Ferretería
Forymad (Maderas y Materiales de Construcción),"
(72) 277 3651",Concón,Ferretería
FERRETERIA ELECTRICA BASCUÑAN LTDA,"
(72) 277 3651",Concón,Ferretería
Autos Rpm,"
9 7333 7606",Concón,Automotora
Top Car Automotora Concón,"
9 5385 7717",Concón,Automotora
Automotora Colón Concon,"
(32) 268 5600",Concón,Automotora
SUBARU - Automotora Mach Concón (Venta ),"
(32) 268 5600",Concón,Automotora
Suzuval,"
(32) 268 5600",Concón,Automotora
AM Construcciones Modulares,"
9 6344 5305",Concón,Constructora
Constructora HPC Ltda,"
9 4296 4481",Concón,Constructora
F&A DISEÑO Y CONSTRUCCIÓN,"
9 4478 8005",Concón,Constructora
"Ingenieria, Construccion Y Mantencion Industrial Erres SPA","
(32) 281 8996",Concón,Constructora
Grupo Hexxa,"
(32) 327 6311",Concón,Constructora
Construcciones Morales CM,"
9 6389 1402",Concón,Constructora
PROYECTA CON ENERGÍA,"
9 6389 1402",Concón,Constructora
myg arquitectura y construccion,"
9 8488 9974",Concón,Constructora
Edificio Sunset Arena,"
9 8488 9974",Concón,Constructora
Constructora Vimac,"
9 8488 9974",Concón,Constructora
Edifico Piedras Blancas IV,"
9 8488 9974",Concón,Constructora
Constructora Dolmen,"
9 8488 9974",Concón,Constructora
Felhaus,"
9 8488 9974",Concón,Constructora
CO3 Construcción y Montajes Industriales Ltda.,"
9 8488 9974",Concón,Constructora
BITUMIX,"
9 8488 9974",Concón,Constructora
Aconcagua Limitada,"
9 8488 9974",Concón,Constructora
Constructora Neumann Y Compania Limitada,"
9 8488 9974",Concón,Constructora
Constructora Aconcagua ltda.,"
9 8488 9974",Concón,Constructora
Bitumix,"
9 8488 9974",Concón,Constructora
Costa Higuerillas | VITALIA,"
9 8488 9974",Concón,Constructora
Nexxo S.A,"
9 8488 9974",Concón,Constructora
HASBÚN y CÍA. LTDA.,"
9 8488 9974",Concón,Constructora
Constructora Ecmovial Ltda.,"
9 8488 9974",Concón,Constructora
BITUMIX,"
9 8488 9974",Concón,Constructora
Aconcagua Limitada,"
(32) 281 2272",Concón,Constructora
CAVCO ltda - Concón,"
(32) 281 2272",Concón,Constructora
Servicios de Ingenieria Sinco,"
(32) 281 1051",Concón,Constructora
